"customer_name","tot_sales","tot_profit"
Peter McVee,4115.6620,526.7537000000000000
Sandra Glassco,3406.5810,570.4380000000000000
Julie Kriz,2932.4840,122.6565999999999890
Annie Zypern,1622.0180,154.9503000000000000
Alan Hwang,4805.3440,1308.5546000000000000
Eleni McCrary,2567.0100,-133.8275000000001000
Art Foster,861.5650,-163.1175000000000000
Christina Anderson,2648.2872,279.6183000000000000
Beth Thompson,2567.6560,417.5918000000000000
Cindy Stewart,5690.0550,-6626.3895000000000000
Paul Prost,7252.6080,1495.0854000000000200
John Stevenson,3868.0200,564.9798000000000000
Liz Pelletier,756.6060,110.7813000000000000
Joel Jenkins,195.0000,34.4492000000000000
Cynthia Voltz,2370.3136,98.9974999999999900
Justin Ritter,2201.6860,452.3730000000000000
Mary O'Rourke,922.4870,59.3576999999999000
Jasper Cacioppo,71.2630,-0.3556000000000000
Tamara Manning,2955.2260,573.3013000000000000
Dorothy Badders,3908.8028,109.3270000000000000
Dionis Lloyd,3539.3220,-52.7879999999999000
Mark Haberlin,400.0160,61.4286000000000000
Robert Barroso,221.0840,72.6790000000000000
Maria Bertelson,1548.7020,212.4249999999999900
Paul Gonzalez,1987.1640,334.5162999999999900
Ted Butterfield,1467.8810,390.2113000000000100
Michelle Moray,2749.8810,-520.3443000000000500
Jonathan Doherty,7610.8640,1050.2668000000000800
Raymond Buch,15117.3390,6976.0958999999999900
Art Ferguson,2052.9080,317.9712000000000000
John Castell,2772.0550,279.5692000000000700
Resi Pölking,5153.0840,465.2503000000000000
Charles Crestani,2471.6500,392.2825000000000000
Kristen Hastings,5990.7990,1227.5091000000000000
Becky Pak,1697.8610,647.3847000000000000
Neil Knudson,572.0480,121.2177000000000000
Sean Christensen,3979.0650,229.1617000000000000
Cyra Reiten,1397.8724,83.2703000000000000
Brendan Dodson,320.5400,116.7140000000000000
Nona Balk,1972.5990,117.6429000000000010
Christopher Martinez,8954.0200,3899.8903999999999900
Darrin Sayre,1762.2130,193.3319000000000100
Roy Collins,966.4090,63.9913999999999900
Jill Stevenson,1417.6540,-175.5490000000000000
Toby Gnade,3058.3720,682.1704000000000000
Marc Harrigan,2394.0250,28.7612000000000000
Michael Dominguez,1204.9100,-4.0403000000000400
Christina DeMoss,1205.5840,233.0273999999999900
Andy Yotov,497.0140,103.3499000000000000
Natalie DeCherney,4326.1390,353.6455000000000000
Philip Brown,1456.9500,280.6606000000000000
Ryan Crowe,885.7520,10.5633000000000000
Neil Ducich,2893.4550,443.3367999999999000
Gary Hwang,4172.8460,1176.4180999999999900
Dave Hallsten,4932.8720,1193.7403999999999400
Craig Leslie,2353.5860,229.0098999999999000
Paul Knutson,1441.1520,-798.7050000000000000
Eric Murdock,933.7040,102.2959999999999900
Neil Französisch,377.1620,85.9278000000000000
Maurice Satty,1613.4020,247.4347999999999000
Brendan Sweed,2454.9280,381.7807000000000000
Sally Matthias,244.4940,-26.5927000000000000
Aaron Hawkins,1744.7000,365.2151999999999000
Maria Zettner,593.6060,85.0191000000000000
Christy Brittain,1949.2000,272.3883000000000000
Deanra Eno,2550.8740,464.4714000000000800
Dianna Wilson,5271.6280,1348.7555999999999800
Stewart Visinsky,4105.3050,485.0271999999998950
Daniel Lacy,3272.2000,4.2132000000000000
Roger Demir,1419.7370,207.3303999999999700
Scott Cohen,3729.7930,671.0034000000000000
Denny Blanton,1711.6920,438.9092000000000000
Maribeth Dona,3766.3820,-241.9499999999999000
Ben Peterman,3675.8610,363.5991000000000000
Nathan Gelder,1395.9380,217.0893000000000000
Hilary Holden,218.6680,86.7342000000000000
Lena Cacioppo,2580.7040,-188.2511000000000000
Berenike Kampe,659.1380,-63.7644000000000000
Andrew Roberts,264.8640,43.6695000000000000
Robert Waldorf,3495.6460,707.5502999999999900
Luke Schmidt,1010.2560,244.1970000000000000
Henia Zydlo,886.5200,-130.3878999999999000
Nancy Lomonaco,1418.0900,343.6381000000000000
Randy Ferguson,3309.1500,633.7072000000000000
Kimberly Carter,1146.0500,156.7797000000000000
Shaun Chance,1874.9980,379.5611000000000000
Bradley Drucker,4411.2430,1142.1225000000000000
John Dryer,2152.3520,-266.5525000000000000
Lisa DeCherney,1961.9340,557.1714000000000000
Ken Heidel,3918.9660,727.3786000000000000
Jennifer Ferguson,2371.4480,635.6375999999999900
Chris Cortes,3913.4180,393.9617999999999470
Carlos Soltero,3036.5470,-126.4223000000000200
Richard Eichhorn,876.6960,209.2294000000000000
Paul MacIntyre,1405.4020,157.8768000000000000
Christine Sundaresam,3202.1620,831.9431999999999800
Mitch Gastineau,16.7390,-1.2453000000000000
Thea Hendricks,2422.8240,-135.2125000000000000
Helen Wasserman,9300.2540,2164.1611000000000200
Nick Crebassa,8241.7390,1314.7580000000001000
John Murray,7625.0760,1574.6164000000000000
Laurel Workman,2238.0610,32.5767000000000000
Ed Braxton,3644.9780,13.6214999999999900
Sean Wendt,1019.0440,95.8383000000000000
Frank Hawley,4256.2720,1073.2675999999999800
Sam Craven,3362.9636,-317.0508000000000000
Dennis Kane,3318.4860,377.0798999999999000
Gene Hale,1361.2440,-95.4498000000000000
Ed Jacobs,2162.1740,387.0176000000000000
Ted Trevino,4915.6020,751.9567000000000000
Ruben Dartt,3133.9240,455.5291999999999000
Arthur Wiediger,2852.9680,-104.5486000000000000
Emily Grady,1832.0200,104.2656000000000000
Vivek Sundaresam,1055.9810,-262.8093000000000400
Brian DeCherney,1538.1100,206.7569000000000000
Jason Klamczynski,383.8120,55.3277000000000000
Bryan Davis,658.4660,141.2649999999999900
Randy Bradley,1008.1960,-164.4062000000000000
Deborah Brumfield,4655.8970,841.8264000000000000
Mike Kennedy,1031.6020,227.8338000000000000
Carl Ludwig,1262.0140,328.0847000000000000
Kelly Lampkin,5016.4880,-182.7813000000000100
Ralph Ritter,615.9320,-73.8350000000000000
Neoma Murray,2161.9790,788.9524999999999980
Pamela Coakley,1832.0640,272.6850000000000000
Duane Benoit,1155.2020,177.6735000000000000
Greg Guthrie,2224.0000,12.6984999999999800
Mark Cousins,4432.1380,1802.3903000000000000
Rose O'Brian,3815.4780,-1262.5715999999999000
Christine Abelman,1421.9540,246.0217999999999800
Bill Tyler,2186.6130,257.9162999999999000
Tiffany House,1022.2010,92.7289999999999990
Harold Pawlan,1990.3140,373.8637000000000000
Bobby Elias,2261.4380,755.9151000000000000
Jill Fjeld,4198.3320,1073.2088000000000000
Doug O'Connell,1267.3160,294.0676000000000000
Jason Gross,2240.5800,3.7976000000000100
Victor Preis,993.9020,205.3887999999999900
Max Jones,6320.7460,1054.5529000000000100
Allen Armold,1056.3900,277.3823999999999990
Tony Molinari,1094.6780,292.5209999999999800
Peter Fuller,9062.8640,-614.2943000000001100
Christina VanderZanden,2830.6280,493.0861000000000000
Harold Dahlen,251.3600,-135.8760000000000000
Dave Kipp,2650.5570,536.3935000000000000
Scott Williamson,1966.6500,332.8725000000000000
Steve Carroll,1254.6400,370.1578000000000000
Keith Dawkins,8181.2560,3038.6254000000000000
Pete Kriz,8646.9340,2038.2676000000000500
Janet Lee,2203.7000,54.5173999999998900
Denise Leinenbach,585.0200,222.6811999999999990
Sarah Foster,3422.7860,286.9046000000000000
Fred Harton,2271.2840,706.2890000000000000
Aleksandra Gannaway,367.5480,59.2884000000000000
Ken Lonsdale,14175.2290,806.8550000000000000
Fred Wasserman,79.7500,23.4913000000000000
Caroline Jumper,11164.9740,858.7413999999998200
Adam Bellavance,7755.6200,2054.5884999999999000
Christopher Schild,3651.8585,-342.8033000000001000
Chad McGuire,1661.6100,409.0679000000000000
Gene McClure,1255.6820,441.3185000000000000
Bradley Nguyen,1459.3440,340.7054000000000000
Toby Carlisle,4266.8120,606.3727000000000000
Steve Chapman,2576.4080,611.8290999999999900
Sharelle Roach,3233.4810,-3333.9144000000000000
Richard Bierner,2663.0860,477.2399000000000000
Peter Bühler,688.3240,218.1597000000000000
Karen Bern,3152.6150,763.9076000000000000
Roland Schwarz,4159.7700,1206.3850999999999590
Allen Rosenblatt,2236.1280,-98.7646000000000200
Tonja Turnell,5364.8080,1124.4999000000000000
Tracy Collins,742.5580,217.9330000000000000
Paul Stevenson,1278.6390,198.5098999999999900
Kean Nguyen,2171.9620,114.3082999999999000
Joe Elijah,8697.8430,1262.2925999999999000
Annie Thurman,3831.8640,974.1070000000000100
Anthony Rawles,4523.3360,494.8352000000000000
Harold Engle,883.5320,274.4027999999999900
Chuck Magee,287.9900,64.4296000000000000
Michael Kennedy,2302.3680,-405.3559000000000000
Noel Staavos,2964.8230,-234.7714000000000000
Roland Fjeld,2341.2960,711.6168000000000000
Ken Brennan,983.9220,293.5524000000000000
Barry Pond,983.4200,209.7830000000000000
Alan Barnes,1113.8380,220.8129999999999900
David Bremer,2973.0940,-1421.7692000000000100
Grace Kelly,6497.2700,1448.5524999999999810
Laurel Beltran,4985.6760,-52.1909999999999970
Christopher Conant,12129.0720,2177.0492999999999500
Katharine Harms,3312.8640,454.7870999999999000
Clytie Kelty,2372.7500,497.7098000000000000
Katherine Nockton,2617.2720,-151.1518000000000100
Corey-Lock,1300.0760,205.6282000000000000
Kalyca Meade,2260.9580,635.1057000000000000
Cindy Schnelling,1077.2285,-302.8761000000000100
Cindy Chapman,1659.4380,154.8509999999999010
Corey Roper,475.9000,144.7594000000000000
Darrin Van Huff,1119.4830,-427.1840000000000300
Don Jones,2501.6880,345.2520999999999990
Maureen Fritzler,937.0390,-341.5265000000000000
Evan Bailliet,1186.3260,282.1701000000000000
Guy Thornton,226.4360,-6.1392000000000018
Ross Baird,5633.3160,-461.7332000000000010
Chad Sievert,884.6400,143.8338999999999900
Duane Huffman,1043.0960,116.6670000000000200
George Bell,1568.4400,7.8371000000000010
Lauren Leatherbury,2741.2040,560.0078000000000000
Hallie Redmond,1299.2880,185.5793999999999900
Matt Abelman,4299.1610,1240.2266000000000000
Anthony Jacobs,4867.3440,150.7130000000000000
Anthony O'Donnell,161.2800,12.0960000000000000
Roland Murray,98.3500,28.6879000000000000
Harry Marie,8236.7648,2437.9836000000000000
Barry Französisch,2888.5060,302.0200000000000000
Dean Braden,2332.5770,169.9678999999999990
Eugene Moren,4588.4360,1319.3655000000000000
Jim Radford,1156.6580,-785.1645000000000000
Trudy Schmidt,3368.0940,220.9163000000000000
Jenna Caffey,1058.1080,502.9244000000000000
Toby Braunhardt,2198.4500,490.9567000000000100
Alice McCarthy,814.0120,194.9878000000000000
Anne Pryor,1638.5540,285.7888000000000000
Ricardo Emerson,48.3600,6.0449999999999900
Laura Armstrong,8673.2220,2059.1198999999998900
Bill Overfelt,2682.7280,278.7770000000000000
Benjamin Patterson,1181.4900,-197.2695000000000000
Todd Boyes,834.3280,268.9670000000000000
Rick Reed,3302.2620,721.6826000000000000
Sheri Gordon,1884.7980,-119.0105000000000010
Zuschuss Carroll,8025.7070,-1032.1490000000000100
Ryan Akin,1686.9225,-445.6950000000000000
Brian Derr,582.6460,141.5340000000000000
Rob Beeghly,528.5460,76.8879000000000000
Brosina Hoffman,6255.3510,802.7897999999998090
Pete Takahito,160.5720,-20.0508000000000010
Kelly Williams,449.0960,107.9270000000000000
Emily Burns,2767.2190,261.5314999999999890
Tony Sayre,2243.2740,11.3778999999999900
Susan Vittorini,1903.4910,106.8912000000000000
Theresa Coyne,1038.2600,265.5332000000000000
Trudy Glocke,2074.6610,365.7205000000001100
Alex Avila,5563.5600,-362.8825000000000000
Chris Selesnick,2754.2160,738.3625999999999970
Michael Paige,3983.6420,638.1562999999999890
Maribeth Schnelling,7443.6900,844.9355000000000000
Steve Nguyen,3127.9592,481.7499000000000000
Eric Barreto,944.6000,0.6042000000000000
Ben Wallace,1738.4060,246.9973000000000000
Sung Chung,280.6320,31.1757000000000000
Amy Hunt,2495.3916,-196.1201000000000000
Matt Collister,2426.0670,288.9841000000000000
Matthew Grinstein,3785.2760,341.8979999999999000
Nat Gilpin,1869.5800,313.6334999999999900
Alan Haines,1587.4520,-378.5508999999999900
Heather Kirkland,4877.7840,956.9451000000000000
Ivan Liston,5040.7360,1121.9370000000000000
Larry Blacks,50.1880,18.6507000000000000
Alex Russell,1055.6940,-221.0544000000000300
Bill Eplett,4204.6760,1487.7739000000000000
Nick Radford,2367.2770,-25.1488000000000400
Bill Shonely,10501.6530,2616.0644000000000000
Lycoris Saunders,368.8800,39.1952000000000000
Cari Schnelling,537.6320,105.8275000000000000
Harry Greene,785.6280,147.0032000000000000
Edward Becker,3236.3140,-80.2860000000000000
Tom Prescott,5329.0048,-1087.3898000000000000
Karen Ferguson,10604.2660,1660.1386000000000000
Jim Mitchum,864.9470,117.2039999999999790
Stefania Perrino,5440.3190,-270.4281999999999900
Ann Chong,2537.6860,298.8272999999999990
Toby Ritter,675.9420,220.3644000000000000
Karl Braun,1569.4640,49.7192999999999960
Matt Hagelstein,1252.8000,122.3612000000000000
Andy Reiter,6608.4480,2884.6208000000000000
Sean Miller,25043.0500,-1980.7393000000000010
Helen Andreada,2584.1580,99.1445000000000000
Dario Medina,1322.0340,108.7582999999999900
Anthony Garverick,170.5840,-8.4310000000000000
Maya Herman,2203.7780,238.5614000000001900
Dorris liebe,755.6020,175.2388000000000000
Katrina Bavinger,908.8210,274.2969999999999800
Vicky Freymann,847.9440,-96.2780000000000000
Mick Brown,1428.2310,117.8056999999999000
Cathy Armstrong,1679.7240,211.2559000000000000
Lindsay Williams,3230.3080,662.8339000000000000
Dennis Bolton,1081.4660,291.0085000000000000
Ralph Arnett,2617.9060,546.0881999999999800
Bill Donatelli,5718.5210,1094.5037000000000000
Sarah Bern,1348.0200,157.6658000000000000
Rachel Payne,954.6452,59.5383999999999900
Tamara Dahlen,1434.5480,88.1896999999999800
Julia West,1428.7310,154.0636999999999900
Seth Vernon,11470.9500,1199.4242000000000000
Frank Merwin,3736.1980,198.1095000000000000
Arianne Irving,4375.7860,867.7270999999999000
Rick Duston,4272.9300,480.5939999999999000
Jeremy Lonsdale,3173.8740,591.7163000000000000
Troy Staebel,2820.4240,-294.6981000000000000
Harold Ryan,5248.7870,1196.9503999999999200
Kean Takahito,3057.1000,254.0031999999999000
Tom Ashbrook,14595.6200,4703.7883000000000080
Sue Ann Reed,4767.3415,610.1495999999999900
Michael Grace,1242.8330,-470.7684000000000000
Alyssa Crouse,925.8000,-62.1342000000001000
Joni Wasserman,1244.0860,-29.5759000000000000
Bart Folk,272.9500,110.9272000000000000
Jas O'Carroll,1934.2720,202.1362000000000000
Jack Lebron,1214.9560,-207.7956000000000100
Fred Chung,3889.3660,714.2926000000000000
Jennifer Jackson,709.1780,200.5558000000000000
Lisa Hazard,318.2390,-242.7399000000000000
Eric Hoffmann,684.1710,53.5398000000000000
Michelle Arnett,2453.2840,280.7822000000000300
Andy Gerbode,1455.0380,-152.7613000000000000
Eudokia Martin,1041.0420,240.2362000000000000
Dave Poirier,2215.0020,563.1761000000000000
Patrick Gardner,3086.9070,137.4613000000000000
Shirley Schmidt,613.4000,199.9345000000000000
Tim Brockman,1602.3760,260.6155000000000000
Patricia Hirasaki,729.6480,47.8877999999999900
Russell D'Ascenzo,970.9420,35.0574000000000000
Greg Hansen,146.9408,-5.8102000000000000
Craig Reiter,1600.5500,306.9175999999999400
David Smith,2881.8128,163.6993000000000090
Alan Dominguez,6106.8800,1869.9293999999999200
Alyssa Tate,1171.8140,100.8768000000000000
Doug Jacobs,3356.3980,731.5643999999999000
Claire Gute,1148.7800,169.9344000000000000
Larry Hughes,287.4260,12.6277000000000000
Ellis Ballard,4358.1280,656.1988000000000000
Gary Hansen,2819.4670,-576.8335000000000000
Deirdre Greer,3195.8180,562.7761000000000000
Michael Stewart,855.1160,55.2260000000000000
Jack O'Briant,3254.9490,581.4044999999999200
Jason Fortune-,955.1240,97.2890000000000000
Brian Dahlen,3288.4710,634.8463000000000100
Roy Französisch,945.2220,280.0261000000000001
Monica Federle,1758.3000,456.8608000000000000
Nicole Fjeld,2031.4720,388.2131000000000000
Shahid Shariari,3056.8070,-1010.9738000000000000
Liz Willingham,1259.0400,192.6312000000000000
Sung Pak,4282.9400,566.7225999999999900
Christine Phan,5888.2750,-1850.3029000000000000
Darrin Martin,6345.1030,1677.3931000000000000
Saphhira Shifley,1324.0280,332.3486999999999900
Valerie Takahito,1736.5960,-224.0889000000001000
Jamie Kunitz,4427.1420,1219.9829999999999770
Sonia Sunley,418.4900,135.5400999999999980
Jack Garza,2358.6760,684.1911000000000100
Eugene Hildebrand,3082.6530,96.2702000000000000
Becky Castell,2933.6760,251.5974000000000000
Pauline Johnson,1824.2340,682.9979000000000000
Khloe Miller,453.5380,91.1391000000000000
Eva Jacobs,2656.6910,451.8754999999999000
Erica Hernandez,1219.5300,-94.1408000000000000
Aaron Bergman,886.1560,129.3465000000000200
Maris LaWare,2921.5000,-76.1755000000000000
Aimee Bixby,966.7100,313.6597000000000000
Hunter Glantz,3690.2840,804.6113000000000000
Brad Thomas,415.1960,126.8694000000000000
Brenda Bowman,6765.7280,1015.0749999999998790
Marc Crier,2725.9820,461.0013999999999990
Julia Dunbar,695.4420,111.1140999999999900
David Wiener,1080.7510,-86.8738000000000000
Joy Smith,2516.4940,-311.2575000000000930
Joni Blumstein,900.5520,-286.9808000000000000
Marina Lichtenstein,2722.8430,684.9162000000000000
Ross DeVincentis,1137.6160,318.4624999999999900
Matt Collins,1303.8930,210.7493000000000000
Corinna Mitchell,6339.5576,1572.4585000000000000
William Brown,6160.1020,714.3311000000000000
Theresa Swint,2163.6240,260.8744000000000000
Stuart Van,1271.0900,199.6502000000000000
Darren Powers,1050.6360,241.4524000000000000
Debra Catini,1174.6180,132.0682000000000000
Yana Sorensen,6720.4440,1778.2923000000000000
Kelly Collister,3908.2620,709.4219000000000000
Elizabeth Moffitt,2339.5980,682.5541999999999000
Gary McGarr,3582.8200,347.2660000000000100
Karen Daniels,8282.3580,1107.6951999999999990
Chris McAfee,2305.7120,365.0387000000000000
Tracy Hopkins,4234.0960,-571.9678000000000000
Don Miller,1376.7920,199.7688000000000100
Scot Coram,4371.9580,440.1410000000000000
Anthony Johnson,4501.3910,1158.7063999999999980
John Lucas,2725.2560,779.9046000000000000
Justin Deggeller,8828.0305,1619.5198999999999000
Larry Tron,329.8760,59.0360000000000000
Russell Applegate,4793.5430,304.8673000000001000
Paul Van Hugh,2876.0460,434.5284000000001000
Jennifer Halladay,309.2810,-24.0771000000000000
Patrick Bzostek,740.3560,229.2257000000000000
David Flashing,2390.5340,-259.3097000000000000
Parhena Norris,1467.1520,192.0395999999999900
Daniel Raglin,8350.8680,2869.0760000000000000
Bobby Odegard,130.8300,59.4522000000000000
Maureen Gnade,1342.2820,-398.7932000000000000
Guy Armstrong,1398.3820,136.7079000000000000
Philip Fox,2770.0000,196.8739000000000000
Jennifer Patt,1669.1350,429.7465000000000000
Sonia Cooley,902.7280,100.2252999999999000
Arthur Gainer,4510.7970,343.6824000000000200
Mitch Webber,5341.9000,1238.4219999999999000
Naresj Patel,5529.6200,1208.8890000000000000
Barry Weirich,385.5160,-58.2866000000000000
Jim Epp,7754.9760,1623.4018999999999900
Dave Brooks,4531.6460,473.0272000000000000
Scot Wooten,1085.0780,-19.6062000000000030
Noah Childs,1821.7420,-359.0210000000000000
Sam Zeldin,3625.3290,366.4303000000000000
Sally Hughsby,3406.8395,558.4740000000000100
Corey Catlett,2540.6310,331.4340000000000000
Sibella Parks,1306.0860,-118.7757000000000000
Dean Katz,4802.3940,209.8994000000000600
Matthew Clasen,795.1540,-247.9435000000000110
Rick Huthwaite,6979.1800,1289.4535000000000000
Giulietta Weimer,2189.0190,-268.5423000000000200
Jeremy Pistek,3635.5940,757.1801999999998800
Robert Marley,5979.0960,1902.5438000000000000
Dennis Pardue,5480.7240,1571.8318000000000000
Eileen Kiefer,1303.4780,97.1066000000000000
Pamela Stobb,2181.4790,-134.4410000000000000
Ionia McGrath,2872.6300,975.7701000000000000
Clay Cheatham,113.8320,33.8706000000000000
Katherine Murray,5620.1860,973.7902000000000000
Speros Goranitis,3124.8320,463.2689999999999000
Erin Mull,228.9900,40.1546000000000000
Becky Martin,11789.6300,-1659.9581000000002300
Karen Carlisle,2120.9540,846.1217000000000000
Chuck Sachs,550.6440,156.2593000000000000
Adrian Shami,58.8200,21.8496000000000000
Justin MacKendrick,2833.9260,754.1143999999999900
Chuck Clark,2870.0500,424.6582999999999000
Mark Hamilton,2456.1820,484.7732999999999000
Rick Wilson,7397.4010,1586.6272999999999800
Giulietta Dortch,1888.0700,230.9373000000000000
Joe Kamberova,4867.2000,55.0483000000000000
Nora Paige,3908.4020,514.6002000000000000
Stephanie Phelps,1872.4360,268.4782000000000000
Thea Hudgings,2942.7720,-252.5539000000000000
Ivan Gibson,744.5740,320.4982000000000000
Olvera Toch,3818.6240,-925.1203000000000000
Dianna Vittorini,3341.5870,353.2127000000000100
John Grady,1507.0180,206.1019000000000000
Susan Gilcrest,47.9460,-3.7073000000000000
Aaron Smayling,3050.6920,-253.5746000000000300
Steven Cartwright,5226.2100,1276.6513000000000000
Bart Watters,4750.3580,921.2573999999999070
Thais Sissman,4.8330,-3.3156000000000000
Sanjit Engle,12209.4380,2650.6768999999999970
Amy Cox,5527.8460,1366.0097999999998990
Nat Carroll,2461.4040,580.3074999999999890
Michael Moore,3794.0800,82.1249999999999900
Joel Eaton,6760.8150,221.7967000000001000
Liz Preis,3653.3990,338.4453999999999900
Nathan Mautz,6459.3440,2751.6849000000000000
Erin Smith,4657.9240,246.6661000000001090
Eugene Barchas,3071.1260,184.7655999999999900
Anemone Ratner,88.1500,32.6330000000000000
Sean Braxton,8057.8910,-2082.7451000000010000
Charlotte Melton,1475.1440,91.2032999999999800
Bryan Spruell,949.4300,194.0516000000000000
Robert Dilbeck,2786.6320,835.7719999999998990
Vivek Gonzalez,846.0100,143.6268000000000100
Dan Campbell,3336.1680,-1441.6313000000001020
Lena Radford,5142.8920,535.4763999999998870
Duane Noonan,2139.7900,540.5405000000000000
Thomas Brumley,816.1740,179.0038000000000000
Stefanie Holloman,2096.3920,260.6258000000000000
Darren Koutras,1687.0400,-107.3537999999999900
Pete Armstrong,729.4080,225.8588000000000000
Patrick Jones,1220.0900,442.1355000000000000
Jamie Frazer,2279.5860,575.1258999999999950
Raymond Messe,1453.4740,392.1498999999999900
Luke Foster,3930.5090,-3583.9770000000000000
Natalie Webber,7234.0140,1023.1230000000000100
Barbara Fisher,599.7980,227.4383999999999990
Allen Goldenen,200.9450,69.2784000000000000
Edward Hooks,10310.8800,1393.5153999999999890
Sally Knutson,883.4090,168.7933000000000000
Craig Molinari,3984.4524,176.3107999999997000
Stuart Calhoun,279.2560,51.8252000000000000
Chloris Kastensmidt,3154.8550,141.2831000000000000
Anthony Witt,649.3760,65.7724999999999970
Kean Thornton,4642.0884,194.0670999999998600
Julie Prescott,1707.7100,309.7116000000000000
Fred Hopkins,6987.1960,2050.2826000000000200
Janet Martin,3159.1220,19.8235000000000000
Lisa Ryan,1879.3060,-382.8079000000000000
Beth Fritzler,791.9900,25.8702000000000000
Katherine Ducich,1888.9640,328.5942000000000000
Anne McFarland,5664.0220,1085.7326000000000000
Nicole Hansen,2673.2900,760.1666000000000000
Xylona Preis,2374.6580,621.2300000000000000
Michelle Ellison,1256.9440,107.3604000000000000
Anna Gayman,3489.0396,-246.4257000000000010
Susan Pistek,3990.6890,14.6923999999997900
Mick Crebagga,2218.9800,-64.1668000000001030
Carl Weiss,1136.5920,370.8298000000000000
Theone Pippenger,4454.0560,1129.1261000000000000
Mark Van Huff,1560.0500,189.0258000000000000
Paul Lucas,239.4810,-0.7527000000000000
Shui Tom,433.3400,84.4418999999999990
Greg Matthias,3163.6280,35.4865000000000000
Roger Barcio,2067.4500,243.0754999999999400
Henry Goldwyn,3247.6420,-2797.9635000000000000
Valerie Mitchum,2454.8660,513.5269000000000000
Rick Bensley,4715.4660,640.5465999999999800
Filia McAdams,2456.6380,249.6808000000000000
Erica Hackney,825.9500,150.3759000000000000
Dianna Arnett,156.7600,56.7904000000000010
Bruce Geld,1006.3560,119.3478999999999990
Cari Sayre,1278.9540,185.3776000000000000
Erica Bern,1643.2550,162.8781000000000000
Alan Schoenberger,4260.7840,719.7750999999998800
Logan Currie,2633.5820,231.1251999999999900
Maria Etezadi,10663.7280,1859.4694999999999790
Henry MacAllister,736.2760,117.2755000000000000
Mike Caudle,1581.9980,121.7564999999999910
Sarah Jordon,1341.0360,-23.5137000000000020
Natalie Fritzler,8322.8260,-1695.9714000000002000
Tracy Poddar,1936.6400,139.2286999999999000
Evan Minnotte,366.8220,21.7720999999999600
Lindsay Castell,3246.6260,299.4802000000000000
Mike Pelletier,5087.9200,226.4529000000000100
Sean O'Donnell,2602.5755,-81.0857999999999700
Darren Budd,2839.2272,213.0028999999999000
Rob Haberlin,2085.7400,172.6260999999998800
Roy Phan,2170.7160,594.5868000000000000
Carlos Daly,2033.9680,426.6610000000000000
Sung Shariari,964.6360,-75.5860000000000100
Shaun Weien,2921.5440,793.6548000000000000
Rick Hansen,3621.3760,563.7877000000000000
Candace McMahon,1673.8880,214.4630000000000000
Delfina Latchford,1458.2580,288.8732000000000100
Gary Zandusky,4355.1500,1087.7538999999998900
Fred McMath,2523.2660,191.4897999999999890
Christine Kargatis,2945.3210,261.2208999999998000
Jim Kriz,4760.4340,1172.5303000000000000
Jonathan Howell,959.4770,-13.5545000000000000
Sample Company A,4624.5720,1011.7442999999999800
Liz Carlisle,2095.0640,86.7779999999999900
Shahid Hopkins,2180.7180,-144.5229000000000100
Cassandra Brandow,6076.1390,150.2089000000000000
Meg O'Connel,1687.0270,169.3436999999999900
Claudia Bergmann,4246.4555,1049.5600999999998000
Angele Hood,738.5040,83.9630000000000000
Ricardo Sperren,3221.2900,633.4514000000000000
Joy Bell-,644.1188,126.7649000000000000
Odella Nelson,1567.5200,-5.8889999999999900
Clay Ludtke,10880.5460,1933.7831000000000900
Lindsay Shagiari,2988.6740,262.6366999999999850
Ashley Jarboe,1839.2400,521.1352000000000000
Benjamin Venier,1523.2730,315.2214000000000000
Bruce Stewart,2562.3820,-113.2984000000001000
Phillina Ober,1056.8580,-49.7008999999999900
David Kendrick,797.8320,249.9447000000000000
Adrian Barton,14473.5710,5444.8055000000000100
Guy Phonely,236.5300,31.8376000000000000
Clay Rozendal,2148.8520,74.4013000000000000
Philisse Overcash,4893.0430,1155.4330999999999900
Dan Reichenbach,6528.0340,1641.8613000000000000
Dorothy Dickinson,269.5420,36.4344000000000000
Justin Ellison,2697.2480,789.6475999999999800
Sandra Flanagan,763.5460,228.1623000000000000
Denny Joy,2012.5200,483.0350000000000000
Troy Blackwell,1387.5590,-136.4091000000000000
Logan Haushalter,1739.6890,316.5201999999999990
Cathy Prescott,5402.2540,427.0258000000001000
Phillip Flathmann,2206.1280,591.3118000000000000
Mathew Reese,639.1780,162.9363000000000000
Patrick Ryan,1840.1780,247.6225999999999000
Daniel Byrd,2171.5990,431.3748000000000000
Shahid Collister,5992.5360,236.6615000000000000
Nathan Cano,2218.9900,-2204.8072000000000000
Barry Blumstein,744.3400,11.5839000000000000
Steven Roelle,4345.8860,1990.4243999999999900
Sara Luxemburg,3053.0120,527.9715000000000000
Meg Tillman,2890.1390,509.0067999999999990
Jay Kimmel,2709.6320,330.2837999999999980
Jim Karlsson,3760.0280,750.9484999999999000
Yoseph Carroll,5454.3500,1305.6290000000000000
Michelle Tran,1319.4498,-23.6763000000000000
Kunst Miller,4909.4720,745.7684999999999980
Karen Seio,88.4720,0.1110000000000000
Lori Olson,644.3500,150.1712000000000100
Andrew Allen,1790.5120,435.8274000000000200
Magdelene Morse,1314.0230,178.4019999999999900
Keith Herrera,5952.8590,656.1161999999998000
Charles Sheldon,844.4580,113.1405000000000000
Michael Granlund,776.3840,171.7371999999999990
Ed Ludwig,124.2800,27.1153999999999900
Nora Preis,7903.1825,631.2281999999999000
Brad Norvell,265.2960,36.6131000000000000
Pauline Webber,3454.9160,803.8169000000000000
Jim Sink,1131.0640,-54.8692000000001100
Shirley Jackson,1318.7760,68.0963000000000000
George Ashbrook,3919.7760,840.8990000000000000
Denny Ordway,1300.0315,-38.9086000000000100
Ann Steele,833.3980,136.4919000000000000
Alejandro Savely,3214.2360,354.6276000000000000
Dan Lawera,1503.1120,322.2448999999999000
Hunter Lopez,12873.2980,5622.4292000000000000
Tom Stivers,2054.1400,48.7017000000000000
Michelle Huthwaite,2984.9480,476.9032000000000000
Ritsa Hightower,740.3820,0.3057000000000000
George Zrebassa,2454.6220,828.6610000000000000
Steven Ward,758.6960,68.2415999999999000
Juliana Krohn,3747.6680,586.6625000000000000
Todd Sumrall,11891.7510,2371.7143999999999902
Denise Monton,4074.4720,1319.0585999999999990
Adam Hart,3250.3370,281.1889999999999800
Janet Molinari,1804.1460,502.6143000000000000
Jane Waco,7721.7140,2173.7093999999999000
Ann Blume,1515.8620,-274.9604000000000000
Liz MacKendrick,1346.7740,-44.8780000000000000
Adrian Hane,1735.5140,-2.3146000000000080
Greg Tran,11820.1200,2163.4268999999994900
Erica Smith,3510.4580,1003.2935000000000000
David Philippe,1058.6160,-40.9376000000000000
Katherine Hughes,3100.6120,528.2051000000000000
Max Engle,1908.4532,77.8128000000000010
Alan Shonely,584.6080,33.7157999999999900
Muhammed MacIntyre,775.4140,58.8916000000000000
Vivek Grady,427.3720,-52.3330000000000000
Chad Cunningham,1770.9450,208.5911999999999000
Edward Nazzal,2199.3660,496.1130999999999800
Skye Norling,1860.4180,-716.8565000000000000
Elpida Rittenbach,1245.7880,-295.7398000000000000
Jill Matthias,303.9480,113.1204000000000000
Craig Carroll,2854.1150,850.1591000000000000
Mick Hernandez,5503.0930,170.9745999999999590
Bryan Mills,1338.8420,137.7438999999999980
Pierre Wener,3922.4150,1290.3539999999999790
Georgia Rosenberg,1284.3800,359.8332000000000000
Anna Chung,657.3160,-28.7004000000000000
Maribeth Yedwab,2254.2850,319.1211000000000000
Stephanie Ulpright,2595.3640,763.4718999999999410
Penelope Sewall,6843.6340,1742.7297000000000000
Jeremy Ellison,1388.6820,276.2197000000000000
Frank Olsen,2678.4380,215.5968999999998900
Brian Moss,7294.1850,2199.2781000000000100
Cynthia Arntzen,3041.5660,204.4895000000000000
Joseph Airdo,6491.0260,-819.4217000000000000
Stewart Carmichael,4492.6570,-671.1874000000001300
Alex Grayson,660.9720,-5.1371000000000000
Mary Zewe,2564.9060,787.7503000000000000
Melanie Seite,370.3480,19.4312000000000000
Craig Yedwab,2900.0260,60.6466999999999100
Rob Williams,3279.7460,698.8325000000000000
Anna Andreadi,5086.9350,857.8033000000000590
Ken Dana,2243.5100,539.7219000000000000
Patrick O'Brill,7473.8282,38.4756999999999000
Valerie Dominguez,6442.2540,1617.7873999999999900
Tamara Chand,19052.2180,8981.3239000000000000
Katrina Edelman,1686.7312,397.8799000000000000
Nora Pelletier,1228.6980,514.5017000000000000
Quincy Jones,6108.3380,1203.6768000000000100
Maureen Gastineau,2350.1880,25.8886000000000000
Alejandro Grove,2582.8980,732.7398999999999890
Carol Darley,639.7660,-206.7172000000000000
Brad Eason,1727.6520,139.2007999999999000
James Lanier,1571.5230,209.2817000000000000
Evan Henry,923.8840,242.1107000000000010
Frank Atkinson,2984.0540,520.5229000000000900
Carlos Meador,565.3920,-43.7324000000000000
Michael Chen,3805.7140,698.4174000000000000
Mike Vittorini,1734.5740,273.8582000000000000
Arthur Prichep,3323.5560,579.3112999999999870
Irene Maddox,4930.4740,514.6527000000000000
Bill Stewart,3887.8340,-17.5322000000001300
Don Weiss,344.0800,69.6672000000000000
Thomas Boland,3589.2960,829.1635000000000000
Ralph Kennedy,1460.1920,269.6880000000000000
Jesus Ocampo,1090.8380,167.6709000000000000
Ben Ferrer,5907.9720,1538.2127000000000080
Toby Swindell,974.7820,-184.9789000000000000
Linda Southworth,2845.2700,-318.7737000000001000
Michael Nguyen,2477.9460,290.8227000000000000
Victoria Pisteka,3360.5260,-1018.7768000000000000
Grant Thornton,9351.2120,-4108.6589000000000000
Barry Gonzalez,2798.9480,-711.4274000000000000
Emily Phan,5478.0608,144.9577999999999990
Brian Thompson,3196.7520,447.7483999999999900
Erin Ashbrook,2846.7050,-52.7406000000000000
Sylvia Foulston,3336.5350,539.9352000000000000
James Galang,6366.3920,1415.6664000000000000
Jessica Myrick,1733.4430,356.5395000000000000
Lena Hernandez,2295.3320,526.0727000000000000
Lela Donovan,5.3040,0.4641000000000000
Carol Triggs,3241.8980,161.2263000000000000
Cathy Hwang,1537.2360,195.1511000000000000
Bruce Degenhardt,1526.5000,333.9791000000000000
Jocasta Rupert,863.8800,107.9850000000000000
Sanjit Chand,14142.3340,5757.4119000000000000
Craig Carreira,2269.7015,187.8398999999998200
Dean percer,7198.7610,333.3647999999999000
Victoria Brennan,2005.5960,371.2398000000000000
Mitch Willingham,5253.8760,1665.5160000000000000
Justin Hirsh,2256.3940,-96.9530000000001000
Charles McCrossin,2533.3140,-394.3686000000000000
Astrea Jones,629.2480,60.4264999999999900
Beth Paige,2475.1570,-319.0637000000000000
Susan MacKendrick,1043.0410,-237.2885000000000000
Andrew Gjertsen,2356.8550,295.6668000000000200
Kelly Andreada,1519.5060,234.9194000000000000
Jay Fein,1911.8440,330.1990000000000000
Neola Schneider,2575.8630,-12.3040000000000400
Michelle Lonsdale,742.0820,138.7162000000000000
Emily Ducich,3484.9200,670.4435000000000000
Joni Sundaresam,469.1690,-327.9336000000000000
Pauline Chand,1061.4880,-184.3364000000000000
Barry Franz,1333.8800,-291.3811000000000000
Mark Packer,3206.1320,600.2873000000000000
MaryBeth Skach,475.6560,84.0268000000000000
Maxwell Schwartz,3144.6780,280.8584000000000790
Alejandro Ballentine,914.5320,264.5675000000000000
Luke Weiss,5420.5140,837.2410999999999900
Anna Häberlin,7888.2940,1298.0165999999998900
Phillip Breyer,132.7380,21.8969999999999990
Vivian Mathis,380.6900,116.6373000000000000
Lynn Smith,1008.1360,348.3584000000000000
Catherine Glotzbach,904.4680,86.5105999999999900
Jennifer Braxton,1791.6050,156.0531999999999600
Brian Stugart,3288.1100,238.7367999999999800
Liz Thompson,2936.2520,320.9730000000000000
Frank Carlisle,3418.7420,1217.1662000000000100
Linda Cazamias,4492.9460,288.2660000000000800
Joy Daniels,385.4300,26.7605000000000000
Sarah Brown,6410.9960,885.4623999999999600
Bradley Talbott,2684.4920,409.4983000000000000
Muhammed Yedwab,4152.6960,-371.7111000000000100
Rob Lucas,6234.9100,488.1483999999997800
Gary Mitchum,3078.6240,793.2814000000000000
Zuschuss Donatelli,1493.9440,249.1307000000000000
Thomas Thornton,1427.0440,278.7371000000000000
Matt Connell,2258.1920,195.4485999999999990
Shirley Daniels,6121.1140,1985.1671999999999900
Herbert Flentye,2533.1640,-13.8767999999999800
Brendan Murry,808.1620,95.5816000000000000
Cynthia Delaney,1860.7320,403.8422000000000000
Ruben Ausman,3832.3140,1292.8655999999999900
Tom Boeckenhauer,9133.9900,2798.3689000000000000
Suzanne McNair,5563.3920,581.5741999999999900
Frank Gastineau,1383.1440,394.7397000000000000
Tracy Zic,1707.2860,224.8886999999999000
Sanjit Jacobs,3949.6560,144.1189000000001000
Tamara Willingham,5278.8260,737.3905000000000000
Julie Creighton,858.5760,201.5952000000000000
Tim Taslimi,439.5000,93.9162000000000000
John Lee,9799.9230,228.9069999999999890
Helen Abelman,2163.3000,270.8574000000001000
Tanja Norvell,3130.2210,-692.0452000000000000
Erin Creighton,461.9140,96.4256000000000000
Benjamin Farhat,1585.1620,523.2133000000000000
Julia Barnett,2518.1150,201.5185000000000000
John Huston,528.9100,26.0822000000000000
Frank Preis,4046.7460,406.4473000000000000
Doug Bickford,1989.0500,438.8012000000000000
Joseph Holt,7954.9980,-644.6982000000000200
Dorothy Wardle,1204.8540,-266.8966000000000000
Kristina Nunn,2280.5800,329.7625000000000000
Carol Adams,3789.7228,1143.3817000000000000
Brooke Gillingham,1874.1720,107.5714999999997900
Rob Dowd,2912.8940,734.5157999999999970
Bart Pistole,2442.0440,433.9750999999998700
Katrina Willman,4416.5200,1756.1350000000000000
Roy Skaria,22.3280,9.5838000000000000
Thomas Seio,5371.0900,862.8877000000000900
Nick Zandusky,2488.3100,402.4236000000000000
Cyma Kinney,1582.1090,-338.4311000000000000
Damala Kotsonis,3256.4800,881.1228000000000010
Tony Chapman,1244.9760,119.1040000000000100
Victoria Wilson,6134.0380,-874.6644999999998900
Heather Jas,358.1000,98.6548000000000000
Trudy Brown,2797.6680,379.8819999999998000
Adam Shillingsburg,3255.3100,64.5374000000000000
Giulietta Baptist,4716.2880,1135.8393000000000000
Dana Kaydos,4282.1760,937.6496000000000000
Michael Oakman,154.2880,-82.0074000000000070
Laurel Elliston,1469.4500,161.7648999999999900
Bobby Trafton,603.8760,-77.5256000000000000
Max Ludwig,2071.9140,409.5111999999998990
Mike Gockenbach,3061.5430,-93.6030000000000100
Greg Maxwell,6049.9660,188.7235000000001000
Patrick O'Donnell,2493.2140,437.8532999999999900
Carl Jackson,16.5200,1.6520000000000000
Lena Creighton,7663.1260,1288.3468999999999000
Jeremy Farry,1082.9180,-18.0673000000000000
Tracy Blumstein,4737.4860,-1603.0451000000000100
Ken Black,2744.7420,579.3550999999999800
Muhammed Lee,162.2320,42.6648000000000000
Nicole Brennan,273.8720,24.7888000000000000
